n_simulations,team,champion_prob
500,Mexico,0.026
500,Netherlands,0.096
500,Brazil,0.126
500,Spain,0.192
500,Switzerland,0.036
500,Morocco,0.012
500,Portugal,0.062
500,Austria,0.012
500,Argentina,0.066
500,Croatia,0.006
500,France,0.08
500,Australia,0.002
500,England,0.052
500,Colombia,0.034
500,Ecuador,0.018
500,Canada,0.01
500,Japan,0.038
500,Norway,0.01
500,Senegal,0.01
500,South Korea,0.004
500,Belgium,0.03
500,Germany,0.056
500,Uruguay,0.01
500,Paraguay,0.004
500,Türkiye,0.002
500,Iran,0.002
500,Uzbekistan,0.002
500,Algeria,0.002
1000,Mexico,0.02
1000,Netherlands,0.098
1000,Brazil,0.124
1000,Spain,0.198
1000,Switzerland,0.039
1000,Morocco,0.011
1000,Portugal,0.056
1000,Austria,0.01
1000,Argentina,0.067
1000,Croatia,0.007
1000,France,0.087
1000,Australia,0.001
1000,England,0.048
1000,Colombia,0.032
1000,Ecuador,0.016
1000,Canada,0.013
1000,Japan,0.037
1000,Norway,0.008
1000,Senegal,0.008
1000,South Korea,0.003
1000,Belgium,0.03
1000,Germany,0.056
1000,Uruguay,0.012
1000,Paraguay,0.006
1000,Türkiye,0.004
1000,Iran,0.001
1000,Uzbekistan,0.002
1000,Algeria,0.002
1000,Egypt,0.001
1000,Scotland,0.002
1000,Sweden,0.001
1500,Mexico,0.020666666666666667
1500,Netherlands,0.096
1500,Brazil,0.13333333333333333
1500,Spain,0.21
1500,Switzerland,0.032
1500,Morocco,0.010666666666666666
1500,Portugal,0.05333333333333334
1500,Austria,0.008666666666666666
1500,Argentina,0.06466666666666666
1500,Croatia,0.008
1500,France,0.09066666666666667
1500,Australia,0.0013333333333333333
1500,England,0.051333333333333335
1500,Colombia,0.028666666666666667
1500,Ecuador,0.016
1500,Canada,0.013333333333333334
1500,Japan,0.03333333333333333
1500,Norway,0.007333333333333333
1500,Senegal,0.006
1500,South Korea,0.002
1500,Belgium,0.029333333333333333
1500,Germany,0.054
1500,Uruguay,0.011333333333333334
1500,Paraguay,0.005333333333333333
1500,Türkiye,0.0033333333333333335
1500,Iran,0.0013333333333333333
1500,Uzbekistan,0.0013333333333333333
1500,Algeria,0.0013333333333333333
1500,Egypt,0.0006666666666666666
1500,Scotland,0.0026666666666666666
1500,Sweden,0.0006666666666666666
1500,Czechia,0.0013333333333333333
2000,Mexico,0.022
2000,Netherlands,0.0965
2000,Brazil,0.133
2000,Spain,0.207
2000,Switzerland,0.03
2000,Morocco,0.0115
2000,Portugal,0.0525
2000,Austria,0.007
2000,Argentina,0.0575
2000,Croatia,0.0085
2000,France,0.091
2000,Australia,0.002
2000,England,0.0525
2000,Colombia,0.032
2000,Ecuador,0.0155
2000,Canada,0.0125
2000,Japan,0.036
2000,Norway,0.0095
2000,Senegal,0.008
2000,South Korea,0.002
2000,Belgium,0.0275
2000,Germany,0.0545
2000,Uruguay,0.012
2000,Paraguay,0.006
2000,Türkiye,0.0035
2000,Iran,0.002
2000,Uzbekistan,0.001
2000,Algeria,0.001
2000,Egypt,0.0005
2000,Scotland,0.0025
2000,Sweden,0.0005
2000,Czechia,0.001
2000,United States,0.0005
2000,Panama,0.0005
2000,New Zealand,0.0005
2500,Mexico,0.0232
2500,Netherlands,0.0956
2500,Brazil,0.1296
2500,Spain,0.208
2500,Switzerland,0.0276
2500,Morocco,0.0108
2500,Portugal,0.05
2500,Austria,0.0072
2500,Argentina,0.0572
2500,Croatia,0.0076
2500,France,0.0948
2500,Australia,0.0016
2500,England,0.0532
2500,Colombia,0.0332
2500,Ecuador,0.0144
2500,Canada,0.0136
2500,Japan,0.036
2500,Norway,0.0112
2500,Senegal,0.0072
2500,South Korea,0.0016
2500,Belgium,0.0304
2500,Germany,0.0512
2500,Uruguay,0.0132
2500,Paraguay,0.0068
2500,Türkiye,0.0048
2500,Iran,0.002
2500,Uzbekistan,0.0008
2500,Algeria,0.0008
2500,Egypt,0.0004
2500,Scotland,0.0036
2500,Sweden,0.0004
2500,Czechia,0.0008
2500,United States,0.0004
2500,Panama,0.0004
2500,New Zealand,0.0004
3000,Mexico,0.023
3000,Netherlands,0.093
3000,Brazil,0.128
3000,Spain,0.21266666666666667
3000,Switzerland,0.029333333333333333
3000,Morocco,0.011666666666666667
3000,Portugal,0.049
3000,Austria,0.007666666666666666
3000,Argentina,0.062
3000,Croatia,0.007666666666666666
3000,France,0.098
3000,Australia,0.002
3000,England,0.05
3000,Colombia,0.03233333333333333
3000,Ecuador,0.014
3000,Canada,0.012333333333333333
3000,Japan,0.035
3000,Norway,0.012
3000,Senegal,0.006666666666666667
3000,South Korea,0.0026666666666666666
3000,Belgium,0.027666666666666666
3000,Germany,0.04933333333333333
3000,Uruguay,0.013
3000,Paraguay,0.006
3000,Türkiye,0.005
3000,Iran,0.002
3000,Uzbekistan,0.0006666666666666666
3000,Algeria,0.0006666666666666666
3000,Egypt,0.001
3000,Scotland,0.0036666666666666666
3000,Sweden,0.0003333333333333333
3000,Czechia,0.0006666666666666666
3000,United States,0.0003333333333333333
3000,Panama,0.0003333333333333333
3000,New Zealand,0.0003333333333333333
3500,Mexico,0.024285714285714285
3500,Netherlands,0.09514285714285714
3500,Brazil,0.12371428571428572
3500,Spain,0.21228571428571427
3500,Switzerland,0.027428571428571427
3500,Morocco,0.012
3500,Portugal,0.048857142857142856
3500,Austria,0.009428571428571429
3500,Argentina,0.061714285714285715
3500,Croatia,0.007714285714285714
3500,France,0.09685714285714286
3500,Australia,0.002
3500,England,0.05228571428571428
3500,Colombia,0.03485714285714286
3500,Ecuador,0.013714285714285714
3500,Canada,0.013142857142857144
3500,Japan,0.032857142857142856
3500,Norway,0.012571428571428572
3500,Senegal,0.006
3500,South Korea,0.0025714285714285713
3500,Belgium,0.028857142857142856
3500,Germany,0.047714285714285716
3500,Uruguay,0.013142857142857144
3500,Paraguay,0.005714285714285714
3500,Türkiye,0.004285714285714286
3500,Iran,0.002857142857142857
3500,Uzbekistan,0.0005714285714285715
3500,Algeria,0.0008571428571428571
3500,Egypt,0.0008571428571428571
3500,Scotland,0.0034285714285714284
3500,Sweden,0.00028571428571428574
3500,Czechia,0.0008571428571428571
3500,United States,0.00028571428571428574
3500,Panama,0.0005714285714285715
3500,New Zealand,0.00028571428571428574
4000,Mexico,0.02425
4000,Netherlands,0.0945
4000,Brazil,0.12425
4000,Spain,0.21075
4000,Switzerland,0.02825
4000,Morocco,0.0135
4000,Portugal,0.049
4000,Austria,0.00925
4000,Argentina,0.06225
4000,Croatia,0.008
4000,France,0.09575
4000,Australia,0.00175
4000,England,0.054
4000,Colombia,0.035
4000,Ecuador,0.0135
4000,Canada,0.0135
4000,Japan,0.032
4000,Norway,0.012
4000,Senegal,0.00625
4000,South Korea,0.00225
4000,Belgium,0.029
4000,Germany,0.04775
4000,Uruguay,0.01225
4000,Paraguay,0.0055
4000,Türkiye,0.005
4000,Iran,0.00275
4000,Uzbekistan,0.0005
4000,Algeria,0.00075
4000,Egypt,0.00075
4000,Scotland,0.00325
4000,Sweden,0.0005
4000,Czechia,0.001
4000,United States,0.00025
4000,Panama,0.0005
4000,New Zealand,0.00025
4500,Mexico,0.023777777777777776
4500,Netherlands,0.09422222222222222
4500,Brazil,0.12466666666666666
4500,Spain,0.20844444444444443
4500,Switzerland,0.029111111111111112
4500,Morocco,0.013777777777777778
4500,Portugal,0.04777777777777778
4500,Austria,0.008666666666666666
4500,Argentina,0.06133333333333333
4500,Croatia,0.009777777777777778
4500,France,0.09533333333333334
4500,Australia,0.0022222222222222222
4500,England,0.05355555555555556
4500,Colombia,0.035111111111111114
4500,Ecuador,0.013777777777777778
4500,Canada,0.012888888888888889
4500,Japan,0.034
4500,Norway,0.012
4500,Senegal,0.006
4500,South Korea,0.002
4500,Belgium,0.029111111111111112
4500,Germany,0.04888888888888889
4500,Uruguay,0.012222222222222223
4500,Paraguay,0.005555555555555556
4500,Türkiye,0.005555555555555556
4500,Iran,0.0026666666666666666
4500,Uzbekistan,0.00044444444444444447
4500,Algeria,0.0006666666666666666
4500,Egypt,0.0006666666666666666
4500,Scotland,0.003111111111111111
4500,Sweden,0.00044444444444444447
4500,Czechia,0.0011111111111111111
4500,United States,0.00044444444444444447
4500,Panama,0.00044444444444444447
4500,New Zealand,0.00022222222222222223
5000,Mexico,0.0244
5000,Netherlands,0.096
5000,Brazil,0.124
5000,Spain,0.2098
5000,Switzerland,0.0296
5000,Morocco,0.0138
5000,Portugal,0.0472
5000,Austria,0.0088
5000,Argentina,0.0618
5000,Croatia,0.0106
5000,France,0.0942
5000,Australia,0.0024
5000,England,0.0536
5000,Colombia,0.0342
5000,Ecuador,0.0134
5000,Canada,0.0128
5000,Japan,0.0346
5000,Norway,0.0116
5000,Senegal,0.0058
5000,South Korea,0.002
5000,Belgium,0.0284
5000,Germany,0.0472
5000,Uruguay,0.0124
5000,Paraguay,0.0054
5000,Türkiye,0.0056
5000,Iran,0.0026
5000,Uzbekistan,0.0006
5000,Algeria,0.0006
5000,Egypt,0.0006
5000,Scotland,0.0032
5000,Sweden,0.0004
5000,Czechia,0.0012
5000,United States,0.0004
5000,Panama,0.0004
5000,New Zealand,0.0002
5000,Ivory Coast,0.0002
5500,Mexico,0.024727272727272726
5500,Netherlands,0.09709090909090909
5500,Brazil,0.12290909090909091
5500,Spain,0.21145454545454545
5500,Switzerland,0.030545454545454546
5500,Morocco,0.014181818181818183
5500,Portugal,0.047636363636363636
5500,Austria,0.008363636363636363
5500,Argentina,0.06181818181818182
5500,Croatia,0.009818181818181818
5500,France,0.09381818181818181
5500,Australia,0.0027272727272727275
5500,England,0.05309090909090909
5500,Colombia,0.03436363636363637
5500,Ecuador,0.013272727272727273
5500,Canada,0.013454545454545455
5500,Japan,0.03327272727272727
5500,Norway,0.011454545454545455
5500,Senegal,0.006
5500,South Korea,0.002181818181818182
5500,Belgium,0.028727272727272726
5500,Germany,0.045636363636363635
5500,Uruguay,0.012
5500,Paraguay,0.005454545454545455
5500,Türkiye,0.005636363636363636
5500,Iran,0.0025454545454545456
5500,Uzbekistan,0.0005454545454545455
5500,Algeria,0.0009090909090909091
5500,Egypt,0.0005454545454545455
5500,Scotland,0.002909090909090909
5500,Sweden,0.0003636363636363636
5500,Czechia,0.0012727272727272728
5500,United States,0.0003636363636363636
5500,Panama,0.0003636363636363636
5500,New Zealand,0.0001818181818181818
5500,Ivory Coast,0.0003636363636363636
6000,Mexico,0.024666666666666667
6000,Netherlands,0.09566666666666666
6000,Brazil,0.1235
6000,Spain,0.21016666666666667
6000,Switzerland,0.031166666666666665
6000,Morocco,0.014166666666666666
6000,Portugal,0.0475
6000,Austria,0.0085
6000,Argentina,0.06333333333333334
6000,Croatia,0.01
6000,France,0.0935
6000,Australia,0.0025
6000,England,0.05483333333333333
6000,Colombia,0.034833333333333334
6000,Ecuador,0.014
6000,Canada,0.013333333333333334
6000,Japan,0.0325
6000,Norway,0.011166666666666667
6000,Senegal,0.006166666666666667
6000,South Korea,0.0021666666666666666
6000,Belgium,0.028333333333333332
6000,Germany,0.045
6000,Uruguay,0.011333333333333334
6000,Paraguay,0.005333333333333333
6000,Türkiye,0.005666666666666667
6000,Iran,0.0026666666666666666
6000,Uzbekistan,0.0005
6000,Algeria,0.001
6000,Egypt,0.0005
6000,Scotland,0.0031666666666666666
6000,Sweden,0.0003333333333333333
6000,Czechia,0.0013333333333333333
6000,United States,0.0003333333333333333
6000,Panama,0.0003333333333333333
6000,New Zealand,0.00016666666666666666
6000,Ivory Coast,0.0003333333333333333
6500,Mexico,0.02523076923076923
6500,Netherlands,0.0963076923076923
6500,Brazil,0.12338461538461538
6500,Spain,0.21215384615384617
6500,Switzerland,0.03046153846153846
6500,Morocco,0.014153846153846154
6500,Portugal,0.04692307692307692
6500,Austria,0.008153846153846154
6500,Argentina,0.06292307692307693
6500,Croatia,0.009692307692307693
6500,France,0.09276923076923077
6500,Australia,0.0024615384615384616
6500,England,0.05476923076923077
6500,Colombia,0.03523076923076923
6500,Ecuador,0.014461538461538461
6500,Canada,0.013692307692307693
6500,Japan,0.032615384615384616
6500,Norway,0.011076923076923076
6500,Senegal,0.006
6500,South Korea,0.0021538461538461538
6500,Belgium,0.027846153846153847
6500,Germany,0.04507692307692308
6500,Uruguay,0.01123076923076923
6500,Paraguay,0.005076923076923077
6500,Türkiye,0.005692307692307693
6500,Iran,0.002769230769230769
6500,Uzbekistan,0.00046153846153846153
6500,Algeria,0.0009230769230769231
6500,Egypt,0.00046153846153846153
6500,Scotland,0.003076923076923077
6500,Sweden,0.00046153846153846153
6500,Czechia,0.0012307692307692308
6500,United States,0.0003076923076923077
6500,Panama,0.0003076923076923077
6500,New Zealand,0.00015384615384615385
6500,Ivory Coast,0.0003076923076923077
7000,Mexico,0.025285714285714286
7000,Netherlands,0.09542857142857143
7000,Brazil,0.124
7000,Spain,0.21471428571428572
7000,Switzerland,0.031142857142857142
7000,Morocco,0.014
7000,Portugal,0.046
7000,Austria,0.008
7000,Argentina,0.062285714285714285
7000,Croatia,0.009571428571428571
7000,France,0.09314285714285714
7000,Australia,0.002285714285714286
7000,England,0.05442857142857143
7000,Colombia,0.03571428571428571
7000,Ecuador,0.015428571428571429
7000,Canada,0.013428571428571429
7000,Japan,0.03142857142857143
7000,Norway,0.010857142857142857
7000,Senegal,0.006285714285714286
7000,South Korea,0.002
7000,Belgium,0.027571428571428573
7000,Germany,0.04485714285714286
7000,Uruguay,0.011285714285714286
7000,Paraguay,0.005
7000,Türkiye,0.0054285714285714284
7000,Iran,0.003
7000,Uzbekistan,0.0005714285714285715
7000,Algeria,0.0008571428571428571
7000,Egypt,0.00042857142857142855
7000,Scotland,0.002857142857142857
7000,Sweden,0.0005714285714285715
7000,Czechia,0.001142857142857143
7000,United States,0.00028571428571428574
7000,Panama,0.00028571428571428574
7000,New Zealand,0.00014285714285714287
7000,Ivory Coast,0.00028571428571428574
7500,Mexico,0.025866666666666666
7500,Netherlands,0.09533333333333334
7500,Brazil,0.12266666666666666
7500,Spain,0.21693333333333334
7500,Switzerland,0.030533333333333332
7500,Morocco,0.013333333333333334
7500,Portugal,0.046266666666666664
7500,Austria,0.007866666666666666
7500,Argentina,0.0624
7500,Croatia,0.009333333333333334
7500,France,0.09226666666666666
7500,Australia,0.002266666666666667
7500,England,0.05346666666666667
7500,Colombia,0.036
7500,Ecuador,0.016133333333333333
7500,Canada,0.013866666666666666
7500,Japan,0.030933333333333334
7500,Norway,0.010666666666666666
7500,Senegal,0.006666666666666667
7500,South Korea,0.0021333333333333334
7500,Belgium,0.027733333333333332
7500,Germany,0.045066666666666665
7500,Uruguay,0.011333333333333334
7500,Paraguay,0.004933333333333333
7500,Türkiye,0.0056
7500,Iran,0.0029333333333333334
7500,Uzbekistan,0.0008
7500,Algeria,0.0008
7500,Egypt,0.0004
7500,Scotland,0.0029333333333333334
7500,Sweden,0.0005333333333333334
7500,Czechia,0.0010666666666666667
7500,United States,0.0002666666666666667
7500,Panama,0.0002666666666666667
7500,New Zealand,0.00013333333333333334
7500,Ivory Coast,0.0002666666666666667
8000,Mexico,0.02625
8000,Netherlands,0.09425
8000,Brazil,0.121125
8000,Spain,0.2185
8000,Switzerland,0.0305
8000,Morocco,0.013375
8000,Portugal,0.046625
8000,Austria,0.007875
8000,Argentina,0.062875
8000,Croatia,0.009
8000,France,0.092625
8000,Australia,0.002125
8000,England,0.053125
8000,Colombia,0.0355
8000,Ecuador,0.016
8000,Canada,0.014
8000,Japan,0.031875
8000,Norway,0.0105
8000,Senegal,0.0065
8000,South Korea,0.002
8000,Belgium,0.027875
8000,Germany,0.044875
8000,Uruguay,0.0115
8000,Paraguay,0.005
8000,Türkiye,0.0055
8000,Iran,0.002875
8000,Uzbekistan,0.00075
8000,Algeria,0.001125
8000,Egypt,0.000375
8000,Scotland,0.002875
8000,Sweden,0.0005
8000,Czechia,0.001125
8000,United States,0.00025
8000,Panama,0.000375
8000,New Zealand,0.000125
8000,Ivory Coast,0.00025
8500,Mexico,0.02635294117647059
8500,Netherlands,0.09447058823529411
8500,Brazil,0.12058823529411765
8500,Spain,0.2168235294117647
8500,Switzerland,0.029647058823529412
8500,Morocco,0.013647058823529411
8500,Portugal,0.04811764705882353
8500,Austria,0.007764705882352941
8500,Argentina,0.06270588235294118
8500,Croatia,0.008941176470588235
8500,France,0.09223529411764705
8500,Australia,0.0021176470588235292
8500,England,0.05352941176470588
8500,Colombia,0.03576470588235294
8500,Ecuador,0.016352941176470587
8500,Canada,0.01388235294117647
8500,Japan,0.032
8500,Norway,0.010823529411764706
8500,Senegal,0.006588235294117647
8500,South Korea,0.0021176470588235292
8500,Belgium,0.02823529411764706
8500,Germany,0.044588235294117644
8500,Uruguay,0.011529411764705882
8500,Paraguay,0.004941176470588235
8500,Türkiye,0.005411764705882353
8500,Iran,0.0029411764705882353
8500,Uzbekistan,0.0007058823529411765
8500,Algeria,0.0010588235294117646
8500,Egypt,0.00047058823529411766
8500,Scotland,0.0029411764705882353
8500,Sweden,0.00047058823529411766
8500,Czechia,0.001176470588235294
8500,United States,0.00023529411764705883
8500,Panama,0.00035294117647058826
8500,New Zealand,0.00011764705882352942
8500,Ivory Coast,0.00035294117647058826
9000,Mexico,0.02722222222222222
9000,Netherlands,0.09588888888888888
9000,Brazil,0.12044444444444445
9000,Spain,0.21666666666666667
9000,Switzerland,0.029444444444444443
9000,Morocco,0.013888888888888888
9000,Portugal,0.04877777777777778
9000,Austria,0.007666666666666666
9000,Argentina,0.062
9000,Croatia,0.008888888888888889
9000,France,0.09211111111111112
9000,Australia,0.0022222222222222222
9000,England,0.053
9000,Colombia,0.035777777777777776
9000,Ecuador,0.016
9000,Canada,0.013888888888888888
9000,Japan,0.03155555555555556
9000,Norway,0.011222222222222222
9000,Senegal,0.006555555555555556
9000,South Korea,0.002
9000,Belgium,0.02811111111111111
9000,Germany,0.04466666666666667
9000,Uruguay,0.011333333333333334
9000,Paraguay,0.0047777777777777775
9000,Türkiye,0.0054444444444444445
9000,Iran,0.0028888888888888888
9000,Uzbekistan,0.0006666666666666666
9000,Algeria,0.0011111111111111111
9000,Egypt,0.00044444444444444447
9000,Scotland,0.002777777777777778
9000,Sweden,0.00044444444444444447
9000,Czechia,0.0011111111111111111
9000,United States,0.00022222222222222223
9000,Panama,0.0003333333333333333
9000,New Zealand,0.00011111111111111112
9000,Ivory Coast,0.0003333333333333333
9500,Mexico,0.027157894736842107
9500,Netherlands,0.09652631578947368
9500,Brazil,0.12042105263157894
9500,Spain,0.21652631578947368
9500,Switzerland,0.029578947368421052
9500,Morocco,0.01431578947368421
9500,Portugal,0.048105263157894734
9500,Austria,0.007789473684210527
9500,Argentina,0.062
9500,Croatia,0.008842105263157894
9500,France,0.09273684210526316
9500,Australia,0.0022105263157894735
9500,England,0.05231578947368421
9500,Colombia,0.035263157894736843
9500,Ecuador,0.015789473684210527
9500,Canada,0.014210526315789474
9500,Japan,0.03178947368421053
9500,Norway,0.012
9500,Senegal,0.006421052631578947
9500,South Korea,0.001894736842105263
9500,Belgium,0.028105263157894737
9500,Germany,0.04421052631578947
9500,Uruguay,0.011157894736842104
9500,Paraguay,0.004736842105263158
9500,Türkiye,0.005578947368421052
9500,Iran,0.0027368421052631577
9500,Uzbekistan,0.0006315789473684211
9500,Algeria,0.0011578947368421054
9500,Egypt,0.0004210526315789474
9500,Scotland,0.0027368421052631577
9500,Sweden,0.0004210526315789474
9500,Czechia,0.0011578947368421054
9500,United States,0.0002105263157894737
9500,Panama,0.00031578947368421053
9500,New Zealand,0.00010526315789473685
9500,Ivory Coast,0.0004210526315789474
10000,Mexico,0.0271
10000,Netherlands,0.098
10000,Brazil,0.1187
10000,Spain,0.2166
10000,Switzerland,0.0302
10000,Morocco,0.0147
10000,Portugal,0.049
10000,Austria,0.0075
10000,Argentina,0.0621
10000,Croatia,0.0085
10000,France,0.0929
10000,Australia,0.0021
10000,England,0.0516
10000,Colombia,0.035
10000,Ecuador,0.0158
10000,Canada,0.0141
10000,Japan,0.0317
10000,Norway,0.0118
10000,Senegal,0.0063
10000,South Korea,0.0019
10000,Belgium,0.0285
10000,Germany,0.0442
10000,Uruguay,0.0114
10000,Paraguay,0.0047
10000,Türkiye,0.0054
10000,Iran,0.0028
10000,Uzbekistan,0.0006
10000,Algeria,0.0012
10000,Egypt,0.0004
10000,Scotland,0.0026
10000,Sweden,0.0004
10000,Czechia,0.0011
10000,United States,0.0002
10000,Panama,0.0003
10000,New Zealand,0.0001
10000,Ivory Coast,0.0005
10500,Mexico,0.02780952380952381
10500,Netherlands,0.09847619047619048
10500,Brazil,0.11923809523809524
10500,Spain,0.2158095238095238
10500,Switzerland,0.03019047619047619
10500,Morocco,0.014380952380952381
10500,Portugal,0.04780952380952381
10500,Austria,0.007523809523809524
10500,Argentina,0.06285714285714286
10500,Croatia,0.008380952380952381
10500,France,0.09247619047619048
10500,Australia,0.0020952380952380953
10500,England,0.05142857142857143
10500,Colombia,0.03561904761904762
10500,Ecuador,0.015333333333333332
10500,Canada,0.014
10500,Japan,0.03152380952380952
10500,Norway,0.011904761904761904
10500,Senegal,0.006190476190476191
10500,South Korea,0.0018095238095238095
10500,Belgium,0.028761904761904763
10500,Germany,0.04495238095238095
10500,Uruguay,0.011428571428571429
10500,Paraguay,0.004571428571428572
10500,Türkiye,0.005523809523809524
10500,Iran,0.0026666666666666666
10500,Uzbekistan,0.0005714285714285715
10500,Algeria,0.001142857142857143
10500,Egypt,0.00038095238095238096
10500,Scotland,0.002476190476190476
10500,Sweden,0.00038095238095238096
10500,Czechia,0.001142857142857143
10500,United States,0.00019047619047619048
10500,Panama,0.00028571428571428574
10500,New Zealand,9.523809523809524e-05
10500,Ivory Coast,0.0005714285714285715
11000,Mexico,0.02781818181818182
11000,Netherlands,0.0989090909090909
11000,Brazil,0.11945454545454545
11000,Spain,0.21545454545454545
11000,Switzerland,0.029454545454545455
11000,Morocco,0.014090909090909091
11000,Portugal,0.048090909090909094
11000,Austria,0.0076363636363636364
11000,Argentina,0.06263636363636364
11000,Croatia,0.008454545454545454
11000,France,0.09218181818181818
11000,Australia,0.002181818181818182
11000,England,0.051727272727272726
11000,Colombia,0.03590909090909091
11000,Ecuador,0.01572727272727273
11000,Canada,0.013727272727272727
11000,Japan,0.03154545454545454
11000,Norway,0.011727272727272727
11000,Senegal,0.006363636363636364
11000,South Korea,0.0017272727272727272
11000,Belgium,0.028636363636363637
11000,Germany,0.04527272727272727
11000,Uruguay,0.011454545454545455
11000,Paraguay,0.004363636363636364
11000,Türkiye,0.005545454545454545
11000,Iran,0.0025454545454545456
11000,Uzbekistan,0.0005454545454545455
11000,Algeria,0.0011818181818181819
11000,Egypt,0.0003636363636363636
11000,Scotland,0.0025454545454545456
11000,Sweden,0.0003636363636363636
11000,Czechia,0.001090909090909091
11000,United States,0.0001818181818181818
11000,Panama,0.00027272727272727274
11000,New Zealand,9.09090909090909e-05
11000,Ivory Coast,0.0006363636363636364
11000,South Africa,9.09090909090909e-05
11500,Mexico,0.02808695652173913
11500,Netherlands,0.09947826086956522
11500,Brazil,0.11956521739130435
11500,Spain,0.2145217391304348
11500,Switzerland,0.029391304347826087
11500,Morocco,0.014
11500,Portugal,0.04808695652173913
11500,Austria,0.007391304347826087
11500,Argentina,0.0631304347826087
11500,Croatia,0.008695652173913044
11500,France,0.09147826086956522
11500,Australia,0.002260869565217391
11500,England,0.05191304347826087
11500,Colombia,0.036
11500,Ecuador,0.01573913043478261
11500,Canada,0.014260869565217391
11500,Japan,0.03156521739130435
11500,Norway,0.011565217391304347
11500,Senegal,0.0061739130434782605
11500,South Korea,0.0016521739130434783
11500,Belgium,0.02826086956521739
11500,Germany,0.04573913043478261
11500,Uruguay,0.011391304347826087
11500,Paraguay,0.0041739130434782605
11500,Türkiye,0.005478260869565217
11500,Iran,0.002434782608695652
11500,Uzbekistan,0.0006956521739130435
11500,Algeria,0.0011304347826086956
11500,Egypt,0.0004347826086956522
11500,Scotland,0.002434782608695652
11500,Sweden,0.00034782608695652176
11500,Czechia,0.0010434782608695651
11500,United States,0.00034782608695652176
11500,Panama,0.0002608695652173913
11500,New Zealand,8.695652173913044e-05
11500,Ivory Coast,0.000608695652173913
11500,South Africa,0.00017391304347826088
12000,Mexico,0.02808333333333333
12000,Netherlands,0.09916666666666667
12000,Brazil,0.12016666666666667
12000,Spain,0.216
12000,Switzerland,0.029166666666666667
12000,Morocco,0.01375
12000,Portugal,0.0485
12000,Austria,0.007416666666666667
12000,Argentina,0.06341666666666666
12000,Croatia,0.0085
12000,France,0.09091666666666667
12000,Australia,0.002416666666666667
12000,England,0.052
12000,Colombia,0.035083333333333334
12000,Ecuador,0.015666666666666666
12000,Canada,0.014166666666666666
12000,Japan,0.03175
12000,Norway,0.01125
12000,Senegal,0.006166666666666667
12000,South Korea,0.0015833333333333333
12000,Belgium,0.028166666666666666
12000,Germany,0.04558333333333333
12000,Uruguay,0.011166666666666667
12000,Paraguay,0.004083333333333333
12000,Türkiye,0.005583333333333333
12000,Iran,0.0025833333333333333
12000,Uzbekistan,0.0006666666666666666
12000,Algeria,0.0011666666666666668
12000,Egypt,0.0005
12000,Scotland,0.002416666666666667
12000,Sweden,0.0003333333333333333
12000,Czechia,0.0010833333333333333
12000,United States,0.0003333333333333333
12000,Panama,0.00025
12000,New Zealand,8.333333333333333e-05
12000,Ivory Coast,0.0006666666666666666
12000,South Africa,0.00016666666666666666
12500,Mexico,0.02808
12500,Netherlands,0.09928
12500,Brazil,0.12104
12500,Spain,0.2156
12500,Switzerland,0.02888
12500,Morocco,0.014
12500,Portugal,0.048
12500,Austria,0.00736
12500,Argentina,0.06336
12500,Croatia,0.0084
12500,France,0.0908
12500,Australia,0.00232
12500,England,0.05216
12500,Colombia,0.03544
12500,Ecuador,0.01576
12500,Canada,0.014
12500,Japan,0.03168
12500,Norway,0.01144
12500,Senegal,0.00624
12500,South Korea,0.00168
12500,Belgium,0.02792
12500,Germany,0.04576
12500,Uruguay,0.01112
12500,Paraguay,0.00408
12500,Türkiye,0.00552
12500,Iran,0.00256
12500,Uzbekistan,0.00064
12500,Algeria,0.00112
12500,Egypt,0.00048
12500,Scotland,0.00232
12500,Sweden,0.00032
12500,Czechia,0.00104
12500,United States,0.00048
12500,Panama,0.00024
12500,New Zealand,8e-05
12500,Ivory Coast,0.00064
12500,South Africa,0.00016
13000,Mexico,0.027846153846153847
13000,Netherlands,0.09892307692307692
13000,Brazil,0.12015384615384615
13000,Spain,0.21676923076923077
13000,Switzerland,0.02930769230769231
13000,Morocco,0.013846153846153847
13000,Portugal,0.04892307692307692
13000,Austria,0.007461538461538461
13000,Argentina,0.06384615384615384
13000,Croatia,0.008384615384615384
13000,France,0.09076923076923077
13000,Australia,0.0022307692307692306
13000,England,0.05169230769230769
13000,Colombia,0.03530769230769231
13000,Ecuador,0.015769230769230768
13000,Canada,0.013923076923076923
13000,Japan,0.03130769230769231
13000,Norway,0.011384615384615385
13000,Senegal,0.0063076923076923076
13000,South Korea,0.0018461538461538461
13000,Belgium,0.02823076923076923
13000,Germany,0.045
13000,Uruguay,0.011
13000,Paraguay,0.004076923076923077
13000,Türkiye,0.005692307692307693
13000,Iran,0.0025384615384615385
13000,Uzbekistan,0.0006153846153846154
13000,Algeria,0.0010769230769230769
13000,Egypt,0.0006153846153846154
13000,Scotland,0.0022307692307692306
13000,Sweden,0.0003076923076923077
13000,Czechia,0.0010769230769230769
13000,United States,0.00046153846153846153
13000,Panama,0.00023076923076923076
13000,New Zealand,7.692307692307693e-05
13000,Ivory Coast,0.0006153846153846154
13000,South Africa,0.00015384615384615385
13500,Mexico,0.028074074074074074
13500,Netherlands,0.09814814814814815
13500,Brazil,0.12029629629629629
13500,Spain,0.21814814814814815
13500,Switzerland,0.02948148148148148
13500,Morocco,0.01362962962962963
13500,Portugal,0.048518518518518516
13500,Austria,0.007185185185185185
13500,Argentina,0.064
13500,Croatia,0.008296296296296296
13500,France,0.09044444444444444
13500,Australia,0.0022962962962962963
13500,England,0.05162962962962963
13500,Colombia,0.034888888888888886
13500,Ecuador,0.015925925925925927
13500,Canada,0.013925925925925927
13500,Japan,0.031037037037037037
13500,Norway,0.011481481481481481
13500,Senegal,0.006222222222222222
13500,South Korea,0.0017777777777777779
13500,Belgium,0.027777777777777776
13500,Germany,0.04555555555555556
13500,Uruguay,0.011333333333333334
13500,Paraguay,0.004074074074074074
13500,Türkiye,0.005629629629629629
13500,Iran,0.0025185185185185185
13500,Uzbekistan,0.0005925925925925926
13500,Algeria,0.0011111111111111111
13500,Egypt,0.0005925925925925926
13500,Scotland,0.0024444444444444444
13500,Sweden,0.00037037037037037035
13500,Czechia,0.001037037037037037
13500,United States,0.00044444444444444447
13500,Panama,0.00022222222222222223
13500,New Zealand,7.407407407407407e-05
13500,Ivory Coast,0.0006666666666666666
13500,South Africa,0.00014814814814814815
14000,Mexico,0.02807142857142857
14000,Netherlands,0.09771428571428571
14000,Brazil,0.12007142857142857
14000,Spain,0.21928571428571428
14000,Switzerland,0.029214285714285713
14000,Morocco,0.013428571428571429
14000,Portugal,0.04864285714285714
14000,Austria,0.007214285714285714
14000,Argentina,0.06421428571428571
14000,Croatia,0.008285714285714285
14000,France,0.08985714285714286
14000,Australia,0.002285714285714286
14000,England,0.05107142857142857
14000,Colombia,0.03535714285714286
14000,Ecuador,0.015714285714285715
14000,Canada,0.013785714285714287
14000,Japan,0.030857142857142857
14000,Norway,0.011571428571428571
14000,Senegal,0.006142857142857143
14000,South Korea,0.0017857142857142857
14000,Belgium,0.028
14000,Germany,0.046285714285714284
14000,Uruguay,0.011428571428571429
14000,Paraguay,0.004071428571428571
14000,Türkiye,0.005642857142857143
14000,Iran,0.0024285714285714284
14000,Uzbekistan,0.0005714285714285715
14000,Algeria,0.001142857142857143
14000,Egypt,0.0005714285714285715
14000,Scotland,0.0024285714285714284
14000,Sweden,0.00035714285714285714
14000,Czechia,0.001
14000,United States,0.00042857142857142855
14000,Panama,0.00021428571428571427
14000,New Zealand,7.142857142857143e-05
14000,Ivory Coast,0.0006428571428571428
14000,South Africa,0.00014285714285714287
14500,Mexico,0.02806896551724138
14500,Netherlands,0.09717241379310344
14500,Brazil,0.12027586206896551
14500,Spain,0.2190344827586207
14500,Switzerland,0.029310344827586206
14500,Morocco,0.013379310344827587
14500,Portugal,0.04868965517241379
14500,Austria,0.007379310344827586
14500,Argentina,0.06441379310344827
14500,Croatia,0.008206896551724139
14500,France,0.09041379310344827
14500,Australia,0.0022758620689655173
14500,England,0.05082758620689655
14500,Colombia,0.03579310344827586
14500,Ecuador,0.015310344827586206
14500,Canada,0.013586206896551723
14500,Japan,0.03103448275862069
14500,Norway,0.011655172413793104
14500,Senegal,0.006068965517241379
14500,South Korea,0.001793103448275862
14500,Belgium,0.028
14500,Germany,0.04613793103448276
14500,Uruguay,0.011379310344827587
14500,Paraguay,0.004137931034482759
14500,Türkiye,0.0054482758620689655
14500,Iran,0.0024827586206896553
14500,Uzbekistan,0.0005517241379310345
14500,Algeria,0.001103448275862069
14500,Egypt,0.0005517241379310345
14500,Scotland,0.0024827586206896553
14500,Sweden,0.00041379310344827585
14500,Czechia,0.001103448275862069
14500,United States,0.00041379310344827585
14500,Panama,0.00027586206896551725
14500,New Zealand,6.896551724137931e-05
14500,Ivory Coast,0.0006206896551724138
14500,South Africa,0.00013793103448275863
15000,Mexico,0.028066666666666667
15000,Netherlands,0.09666666666666666
15000,Brazil,0.12006666666666667
15000,Spain,0.21913333333333335
15000,Switzerland,0.029733333333333334
15000,Morocco,0.0132
15000,Portugal,0.04853333333333333
15000,Austria,0.007666666666666666
15000,Argentina,0.06453333333333333
15000,Croatia,0.008333333333333333
15000,France,0.09046666666666667
15000,Australia,0.0023333333333333335
15000,England,0.05106666666666667
15000,Colombia,0.035666666666666666
15000,Ecuador,0.015666666666666666
15000,Canada,0.013466666666666667
15000,Japan,0.031466666666666664
15000,Norway,0.011466666666666667
15000,Senegal,0.006
15000,South Korea,0.0017333333333333333
15000,Belgium,0.027866666666666668
15000,Germany,0.0456
15000,Uruguay,0.011666666666666667
15000,Paraguay,0.004
15000,Türkiye,0.0054666666666666665
15000,Iran,0.0024666666666666665
15000,Uzbekistan,0.0006
15000,Algeria,0.0010666666666666667
15000,Egypt,0.0005333333333333334
15000,Scotland,0.0024666666666666665
15000,Sweden,0.0004
15000,Czechia,0.0010666666666666667
15000,United States,0.0004
15000,Panama,0.0002666666666666667
15000,New Zealand,6.666666666666667e-05
15000,Ivory Coast,0.0006
15000,South Africa,0.00013333333333333334
15000,DR Congo,6.666666666666667e-05
15500,Mexico,0.028129032258064516
15500,Netherlands,0.09651612903225806
15500,Brazil,0.12012903225806451
15500,Spain,0.2192258064516129
15500,Switzerland,0.02993548387096774
15500,Morocco,0.013225806451612903
15500,Portugal,0.048451612903225805
15500,Austria,0.0076129032258064515
15500,Argentina,0.06451612903225806
15500,Croatia,0.008258064516129033
15500,France,0.09012903225806451
15500,Australia,0.0022580645161290325
15500,England,0.05116129032258065
15500,Colombia,0.03561290322580645
15500,Ecuador,0.01567741935483871
15500,Canada,0.01361290322580645
15500,Japan,0.031419354838709675
15500,Norway,0.011548387096774193
15500,Senegal,0.006193548387096774
15500,South Korea,0.0018064516129032257
15500,Belgium,0.02761290322580645
15500,Germany,0.04561290322580645
15500,Uruguay,0.011741935483870968
15500,Paraguay,0.0039354838709677415
15500,Türkiye,0.005483870967741935
15500,Iran,0.0024516129032258064
15500,Uzbekistan,0.0005806451612903225
15500,Algeria,0.001161290322580645
15500,Egypt,0.0005161290322580645
15500,Scotland,0.0025161290322580645
15500,Sweden,0.0003870967741935484
15500,Czechia,0.0010967741935483872
15500,United States,0.0003870967741935484
15500,Panama,0.00025806451612903227
15500,New Zealand,6.451612903225807e-05
15500,Ivory Coast,0.0005806451612903225
15500,South Africa,0.00012903225806451613
15500,DR Congo,6.451612903225807e-05
